INSERT INTO libseq VALUES(530624,34145,6,0,0);
INSERT INTO libseq VALUES(513628,34145,4,0,0);
INSERT INTO libseq VALUES(517316,34145,5,0,0);
INSERT INTO libseq VALUES(497148,34145,5,0,0);
INSERT INTO libseq VALUES(501398,34145,5,0,0);
INSERT INTO libseq VALUES(452502,34145,2,0,0);
INSERT INTO libseq VALUES(452501,34145,3,0,0);
INSERT INTO libseq VALUES(452503,34145,1,0,0);
INSERT INTO libseq VALUES(552329,34145,0,0,0);
INSERT INTO libseq VALUES(564438,34145,7,0,0);
INSERT INTO libseqname VALUES(34145,'Унесенный ветром');
INSERT INTO libbook VALUES(452501,1555677,'2016-06-27 14:15:29','Чужие маски','litres, с иллюстрациями','ru',0,'','fb2','UTF-8',2014,'0','1.1','On84ly',80374,'иные миры,мир бахира,обмен разумами,сверхспособности,становление героя','d1e448ec05e49dc48a62b00b9edb4ec9','2019-12-19 20:27:38','a2affce07255d26918afe429e5079888',0,286,530334);
INSERT INTO libbook VALUES(452502,3153830,'2016-06-27 14:16:02','Теряя маски','litres, с иллюстрациями','ru',0,'','fb2','UTF-8',2014,'0','1.1','On84ly',82415,'иные миры,мир бахира,обмен разумами,сверхспособности,становление героя','05926921cb157ef88ccc7bec5c6b5aec','2019-12-19 20:27:38','b9b2489f3c04f2deba843bb7b8a2bcad',0,271,499899);
INSERT INTO libbook VALUES(452503,3026780,'2016-06-27 14:16:35','Меняя маски','litres, с иллюстрациями','ru',0,'','fb2','UTF-8',2013,'0','1.1','On84ly',159652,'иные миры,мир бахира,обмен разумами,сверхспособности,становление героя','71bc564776c6422ded493ded2243d13c','2019-12-19 20:27:38','a766ddc3616653f589ca35a2ae95222b',0,361,681321);
INSERT INTO libbook VALUES(497148,315607,'2017-08-24 12:54:19','Унесенный ветром. Книга пятая','1-4 главы.','ru',0,'','fb2','UTF-8',2017,'1','','',2272,'','f44ab33c74de3df555750253c619e6ed','2019-12-19 22:30:04','e7ad5fb1e391dd8e63aa4e2abde5aa85',0,67,122799);
INSERT INTO libbook VALUES(501398,1389975,'2017-10-20 11:56:31','Унесенный ветром. Книга 5','1-24 главы','ru',0,'','fb2','UTF-8',2017,'1','1.1','',17932,'','07cefef1422c51cd8528eec88511c40b','2019-12-19 22:30:04','bd250f50621dd166b3e6b56fe4e6b079',0,391,743818);
INSERT INTO libbook VALUES(513628,2922236,'2018-03-05 21:17:35','Удерживая маску','с иллюстрациями','ru',0,'ru','fb2','UTF-8',2017,'0','1.1','',55382,'','9d457af15d5b0c9a0cff72c23d588956','2019-12-19 20:27:38','25eb7e25451505e66af7a303781cf305',0,433,829402);
INSERT INTO libbook VALUES(517316,1789083,'2018-04-10 08:29:54','Срывая маски','litres','ru',0,'','fb2','UTF-8',2018,'0','1.0','On84ly',51977,'альтернативная история,обмен разумами,сверхспособности','ab04fe883ed808359d76afd8c92228eb','2019-12-19 20:27:38','b12e3267282e51312551b9b74b88e049',0,446,850107);
INSERT INTO libbook VALUES(530624,1919633,'2018-10-11 08:33:14','Маска зверя','litres','ru',0,'','fb2','UTF-8',2018,'0','1.21','On84ly',45674,'альтернативная история,обмен разумами,технофэнтези,сверхспособности','6c84a7c39e775b70e2ee903f1eff8bf0','2019-12-19 20:27:13','b93da7faf5d164b1a0406c8648ab6baa',0,479,935974);
INSERT INTO libbook VALUES(552329,3377773,'2019-05-23 01:58:12','Унесенный ветром: Меняя маски. Теряя маски. Чужие маски','litres, сборник с оптимизированной обложкой','ru',0,'','fb2','UTF-8',2019,'0','1.01','cleedColourban',5094,'параллельные миры,обмен разумов,близкое будущее,становление героя,технофэнтези,сверхспособности','ceaf927e7aa1a652789fc61b6f73160e','2019-12-19 20:27:13','52c074afadcb3a74d4cdf8dc5f0cb75b',0,918,1711505);
INSERT INTO libbook VALUES(564438,2186731,'2019-11-01 17:36:32','Осколки маски','СИ с изд. обложкой','ru',0,'','fb2','UTF-8',2019,'0','1.1','Krasnogorie ',25716,'','9333577956e3f020abc2cefea0f5e369','2019-12-19 22:30:04','59189c4c1ae0c1314aedbf63791b576e',0,545,1058755);
INSERT INTO libavtor VALUES(452501,109170,1);
INSERT INTO libavtor VALUES(452502,109170,1);
INSERT INTO libavtor VALUES(452503,109170,1);
INSERT INTO libavtor VALUES(497148,109170,1);
INSERT INTO libavtor VALUES(501398,109170,1);
INSERT INTO libavtor VALUES(513628,109170,1);
INSERT INTO libavtor VALUES(517316,109170,1);
INSERT INTO libavtor VALUES(530624,109170,1);
INSERT INTO libavtor VALUES(552329,109170,1);
INSERT INTO libavtor VALUES(564438,109170,1);
INSERT INTO libavtorname VALUES(109170,'Николай','Александрович','Метельский','',0,'','http://samlib.ru/m/metelxskij_n_a/','',0);
